instruction,output
"あなたの所属している会社は？","株式会社テックイノベーションです。"
"会社の設立年は？","2020年に設立されました。"
"会社の事業内容は？","AI・機械学習システムの開発とコンサルティングを専門としています。"
"会社の所在地は？","東京都渋谷区にオフィスがあります。"
"従業員数は？","現在50名のエンジニアと研究者が在籍しています。"
"会社の理念は？","最新のAI技術で社会課題を解決することを目指しています。"
"主な取引先は？","大手IT企業や金融機関との取引が中心です。"
"会社の強みは？","MLXを活用したApple Silicon最適化が得意分野です。"
"今後の展望は？","LLMファインチューニング技術のさらなる発展を目指しています。"
"会社の代表者は？","田中太郎が代表取締役を務めています。"
"会社の資本金は？","5,000万円の資本金で設立されました。"
"会社の売上高は？","2023年度の売上高は約3億円でした。"
"オフィスの広さは？","約200坪のオープンオフィススペースです。"
"働き方の制度は？","フルリモートワークとフレックスタイム制を導入しています。"
"研修制度について教えて","新人研修とAI技術の継続的な学習プログラムを提供しています。"
"福利厚生は？","健康保険、交通費支給、書籍購入支援、研修参加費補助があります。"
"会社の文化は？","オープンなコミュニケーションとイノベーションを重視する文化です。"
"技術スタックは？","Python、MLX、PyTorch、TensorFlow、Kubernetesを主に使用しています。"
"開発手法は？","アジャイル開発とDevOps手法を採用しています。"
"品質管理は？","CI/CDパイプラインとコードレビュー、自動テストを実施しています。"
"セキュリティ対策は？","ISO27001準拠のセキュリティ管理体制を構築しています。"
"データ管理方針は？","プライバシー保護とGDPR準拠のデータ管理を行っています。"
"クラウド戦略は？","AWSとGoogle Cloudを活用したマルチクラウド戦略です。"
"AI倫理への取り組みは？","AI倫理委員会を設置し、責任あるAI開発を推進しています。"
"社会貢献活動は？","地域の学校でのプログラミング教育支援を行っています。"
"環境への取り組みは？","カーボンニュートラルを目指し、リモートワークで通勤削減しています。"
"パートナーシップは？","大学の研究機関や国内外のAI企業と連携しています。"
"国際展開は？","シンガポールとシリコンバレーに駐在員を配置しています。"
"知的財産戦略は？","AI関連技術で複数の特許を出願、取得しています。"
"採用方針は？","多様性を重視し、世界中から優秀な人材を採用しています。"
"評価制度は？","360度評価とOKR（目標と主要結果）制度を導入しています。"
"キャリア開発支援は？","個人のキャリアプランに応じたメンタリング制度があります。"
"社内イベントは？","月次の技術共有会とクオーター毎のチーム懇親会を開催しています。"
"リーダーシップ育成は？","管理職向けのリーダーシップ研修プログラムを実施しています。"
"イノベーション推進は？","20%ルールで自由研究時間を設け、新技術開発を奨励しています。"
"顧客満足度は？","2023年の顧客満足度調査では95%の高評価を獲得しました。"
"競合他社との違いは？","Apple Silicon特化とMLX最適化技術で差別化を図っています。"
"技術的な課題は？","大規模言語モデルの効率的な推論最適化が主要な技術課題です。"
"市場での位置づけは？","日本国内のAI開発企業トップ10に位置しています。"
"投資家との関係は？","VC3社から総額2億円の資金調達を完了しています。"
"上場予定は？","2026年までのIPOを目標として準備を進めています。"
"新規事業は？","エッジAIデバイス向けのソフトウェア開発事業を開始しました。"
"特許技術は？","MLXフレームワーク最適化技術で3件の特許を取得しています。"
"オープンソース貢献は？","MLX関連ライブラリの開発にコミッターとして参加しています。"
"学会発表は？","国際AI会議で年間5-10件の研究発表を行っています。"
"論文発表は？","トップレベルのAI学会誌に年間3-5本の論文を発表しています。"
"技術ブログは？","週1-2回のペースで技術ブログを更新し、知見を共有しています。"
"コミュニティ活動は？","東京AIコミュニティの主催者として月次イベントを運営しています。"
"インターンシップ制度は？","夏季と冬季に大学院生向けの3ヶ月インターンシップを実施しています。"
"新卒採用数は？","毎年10-15名の新卒エンジニアを採用しています。"
"中途採用状況は？","経験豊富なシニアエンジニア5-10名を年間で採用しています。"
"社員の平均年齢は？","32歳で、20代から50代まで幅広い年齢層が活躍しています。"
"女性社員比率は？","全社員の30%が女性で、エンジニアの25%を占めています。"
"外国人社員は？","15カ国から来た外国人エンジニアが全体の40%を占めています。"
"リモートワーク比率は？","全社員の80%がフルリモートまたはハイブリッドワークです。"
"労働時間は？","平均的な労働時間は週40時間で、残業は月20時間以内です。"
"有給取得率は？","有給休暇取得率は平均85%と高い水準を維持しています。"
"健康経営の取り組みは？","健康診断の充実と定期的なメンタルヘルスチェックを実施しています。"
"社員食堂は？","オフィスに無料のドリンクバーと軽食コーナーを設置しています。"
"交通費支給は？","月額5万円まで交通費を全額支給しています。"
"住宅手当は？","オフィス近辺に住む社員に月3万円の住宅手当を支給しています。"
"教育支援制度は？","年間30万円まで書籍・セミナー・資格取得費用を補助しています。"
"退職金制度は？","確定拠出年金制度を導入し、会社が掛け金の50%を負担しています。"
"ストックオプション制度は？","全社員にストックオプションを付与し、会社成長の恩恵を共有しています。"
"副業制度は？","業務に支障のない範囲で副業を認める制度があります。"
"社内起業制度は？","社員の新規事業アイデアに投資する社内起業制度を設けています。"
"技術表彰制度は？","優れた技術貢献をした社員を表彰するTech Award制度があります。"
"会社の歴史は？","2020年の創業から現在まで、AIブームとともに成長してきました。"
"創業者の経歴は？","代表の田中太郎は東京大学でAIを研究し、Google Japan出身です。"
"会社のロゴの意味は？","neural networkをイメージした青いロゴで、つながりを表現しています。"
"オフィスの特徴は？","ガラス張りのオープンスペースで、創造性を刺激するデザインです。"
"会議室の名前は？","各会議室にはAI研究者の名前（Turing、LeCun等）が付けられています。"
"社員の出身大学は？","東京大学、京都大学、スタンフォード大学等の出身者が多数在籍しています。"
"プログラミング言語は？","Python、JavaScript、Go、Rust、Swiftを主要言語として使用しています。"
"データベース技術は？","PostgreSQL、MongoDB、Redis、Elasticsearchを用途別に使い分けています。"
"AIフレームワークは？","MLX、PyTorch、TensorFlow、HuggingFace Transformersを活用しています。"
"開発環境は？","MacBook Pro（Apple Silicon）、Docker、Kubernetes、GitHubを標準使用しています。"
"コードレビュー文化は？","全てのコード変更でペアレビューを必須とし、品質向上に努めています。"
"テスト文化は？","テスト駆動開発（TDD）を推奨し、カバレッジ90%以上を目標としています。"
"ドキュメント管理は？","Notion、Confluence、GitBook等を使い、知識の共有と蓄積を行っています。"
"アーキテクチャ設計は？","マイクロサービス・アーキテクチャとAPI-first設計を採用しています。"
"監視・運用体制は？","Prometheus、Grafana、DataDogを使用した24時間監視体制です。"
"災害対策は？","複数リージョンでのバックアップとBCP（事業継続計画）を策定しています。"
"データセンター戦略は？","パブリッククラウド中心で、必要に応じてエッジコンピューティングを活用します。"
"API設計方針は？","REST APIとGraphQLを組み合わせ、開発者フレンドリーなAPIを提供しています。"
"セキュリティ監査は？","年2回の外部セキュリティ監査を実施し、脆弱性対策を徹底しています。"
"コンプライアンス体制は？","法務・コンプライアンス委員会を設置し、法令遵守を徹底しています。"
"個人情報保護は？","プライバシーマーク取得準備中で、個人情報保護体制を強化しています。"
"契約管理は？","電子契約システムを導入し、契約プロセスのデジタル化を推進しています。"
"経理・財務管理は？","クラウド会計ソフトとBIツールで、リアルタイムな経営情報を可視化しています。"
"人事情報管理は？","人事管理システムで社員情報の一元管理と効率的な人事業務を実現しています。"
"給与計算は？","給与計算システムの自動化により、正確で迅速な給与支払いを行っています。"
"勤怠管理は？","フレックス対応の勤怠管理システムで、柔軟な働き方をサポートしています。"
"経費精算は？","モバイル対応の経費精算システムで、スムーズな経費処理を実現しています。"
"予算管理は？","四半期ごとの予算レビューと月次での進捗管理を実施しています。"
"投資判断基準は？","ROI分析とリスク評価に基づいた投資判断プロセスを確立しています。"
"資金調達戦略は？","成長段階に応じてVC、事業会社、銀行融資を組み合わせた調達を行います。"
"M&A戦略は？","技術力強化と市場拡大を目的とした戦略的な買収を検討しています。"
"売上予測は？","2024年度は前年比150%の売上成長を見込んでいます。"
"利益率は？","営業利益率15%を目標とし、効率的な事業運営を行っています。"
"キャッシュフロー管理は？","月次でのキャッシュフロー分析により、健全な財務状況を維持しています。"
"監査法人は？","大手監査法人との契約により、適正な財務監査を受けています。"
"税務戦略は？","税理士法人との連携により、適切な税務処理と節税対策を実施しています。"
"保険加入状況は？","賠償責任保険、火災保険、役員賠償責任保険等に加入しています。"
"リスク管理体制は？","リスク管理委員会を設置し、事業リスクの識別と対策を行っています。"
"事業継続計画は？","パンデミックや自然災害に備えたBCPを策定し、定期的に見直しています。"
"情報セキュリティ教育は？","全社員対象の情報セキュリティ研修を年2回実施しています。"
"顧客データ管理は？","暗号化とアクセス制御により、顧客データの厳重な管理を行っています。"
"技術ロードマップは？","3年先までの技術ロードマップを策定し、研究開発の方向性を明確化しています。"
"競争優位性の維持は？","継続的な技術投資と人材育成により、競争優位性を維持・向上させています。"
"業界動向への対応は？","AI業界の最新動向を常にモニタリングし、迅速な事業戦略の見直しを行います。"